title,content
Quais academias estão inclusas em cada plano?,"Para verificar quais são as academias disponíveis em cada plano, basta acessar a aba de academias no app e aplicar os filtros que preferir.

"
Como realizar a busca de academias disponíveis nos planos pelo app?,"Para verificar quais são as academias disponíveis em cada plano, basta acessar a aba de academias no app e aplicar os filtros que preferir.

"
Peças de comunicação para a divulgação do benefício na minha empresa.,"É hora de espalhar a boa notícia! Na página inicial do Portal RH, você pode baixar materiais para e-mail e post. É muito fácil! Basta seguir o passo a passo:

1. Acesse o Portal RH;
2. Vá até a aba 'Divulgação';
3. Selecione a arte e comece a divulgar o benefício para o seu time.

Um detalhe importante: essas informações são direcionadas para empresas atendidas pelo Customer Service, como aquelas com até 500 colaboradores que possuem TotalPass por parceria ou via Simule: https://simule.totalpass.com/br.

"
Como cadastrar colaboradores?,"Adicione novos beneficiários de maneira simples! Basta subir a base de colaboradores no TotalPass via ""validação por base"" dentro do Portal RH. Isso ajuda a garantir que os processos sejam precisos e sem erros. Basta seguir o passo a passo que vamos enviar agora:

- Acesse o Portal RH: Portal RH TotalPass;
- No menu lateral, clique em “Atualizar base”;
- Selecione um modelo de arquivo para download (é necessário utilizar um dos arquivos-modelo); 
- O modelo de arquivo é o template que você usará para formatar o arquivo Excel da sua base de colaboradores, garantindo que seja processada corretamente no Portal RH; 
- Apague o número de CPF e CNPJ que vem como exemplo no arquivo e insira os dados de seus colaboradores e empresa no mesmo formato;
ATENÇÃO: É muito importante que o arquivo não sofra nenhum tipo de formatação, como alterar a fonte, cor ou tamanho dos textos"". Você deve informar somente o CPNJ da empresa e CPF dos colaboradores, sem acrescentar nenhum outro dado;
- Faça upload da base no portal;
- Aguarde a análise; 
- O Portal RH carregará os registros dos colaboradores da planilha;
- Revise os dados para aprovar ou rejeitar;
- Quando terminar a análise, clique em ""Revisar relatório"" para aprovar ou recusar as mudanças. Se tudo estiver ok, clique em ""Confirmar atualização"" e autorize o envio!
- Com a base atualizada, seus colaboradores já podem realizar o cadastro no app para utilizar o benefício;
- Os colaboradores só aparecerão na aba de beneficiários após efetuarem o cadastro no aplicativo.

Dois detalhes importantes:

1. Você pode acessar todos os seus registros de importação e visualizar o relatório aprovado sempre que precisar, basta ir até ""Histórico de atualizações"".

2. O Portal RH vai comparar sua nova base de dados com a anterior para identificar quem não está mais no time. Assim que a nova base for validada, os colaboradores ausentes serão retirados do benefício. Sendo assim, a base enviada terá função tanto para incluir novos colaboradores quanto retirar e/ou manter os atuais, por isso, os usuários que devem permanecer no benefício deverão constar na base em todas os envios.

Quer saber mais sobre o processo de cadastro do colaborador? Continue lendo abaixo:

Depois de encerrada a contratação, é hora de seus colaboradores darem o próximo passo! Basta seguir o passo a passo abaixo:

- Baixe o app da TotalPass;
- Clique em ""Cadastre-se"";
- Preencha o número do seu CPF;
- Insira o seu e-mail corporativo;
- Coloque a empresa em que trabalha atualmente;
- Agora é hora de adicionar o seu número de celular; você receberá um código de verificação em seu número;
- Preencha os dados pessoais solicitados;
- Crie uma senha;
- Informe seu endereço;

Prontinho, você está na TotalPass.

Um detalhe importante: agora, temos duas possibilidades. Confira abaixo:

Se a empresa escolheu aprovar os colaboradores, o gestor do benefício precisa apenas aprovar as solicitações no Portal RH, e logo depois o benefício estará liberado para uso.

Se a validação dos colaboradores não for necessária, assim que o cadastro estiver concluído, o plano já estará ativo e disponível para uso imediato, sem complicações.
"
Como fazer upgrade e downgrade de vidas?,"Atualizar o número de vidas no seu contrato nunca foi tão fácil! Vamos te explicar o passo a passo. O fluxo apresentado abaixo é aplicável para empresas que possuem o benefício contratado de forma direta. Para aqueles que tem o benefício através de uma empresa parceira (Swile, VR, Flash...), essa alteração deverá ser feita diretamente com o canal parceiro.

No Portal RH você pode fazer o upgrade ou downgrade do número de colaboradores cadastrados com apenas alguns cliques. 

Acesse a plataforma;
inicie fazendo o login na sua conta no Portal RH;
Em seguida, vá para a página inicial;
Localize a seção “Seu Contrato TotalPass”;
Depois, selecione a opção “Fazer Upgrade” para iniciar o processo.

Após clicar em “Fazer Upgrade”, uma caixa será exibida, permitindo que você selecione a quantidade de vidas que deseja adicionar ao seu contrato. Depois de selecionar a quantidade de vidas, verifique se todas as informações estão corretas e clique em “Confirmação” para efetuar a mudança.

Com a confirmação feita, seu contrato será atualizado automaticamente com as novas configurações, e um aviso ou confirmação na tela indicará que o upgrade foi realizado com sucesso.

Um detalhe importante: para realizar o downgrade, é só seguir os mesmos passos, selecionando a quantidade de vidas que você deseja reduzir.


"
Como realizar o desligamento de colaboradores?,"Para desligar um colaborador (inativar seu cadastro) você possui dois caminhos: 
 
1. Desligar de forma manual: Vá à aba “Beneficiários”, procure o colaborador e clique em “desligar”. Este passo só vale para quem possui cadastro no app.
2. Atualização de base: Suba uma nova base sem informar o CPF do colaborador que deseja inativar. Assim, o sistema irá comparar a base atual com a anterior e desligar o CPF que não foi incluído. 
Se precisar de mais alguma coisa, estamos aqui para ajudar!"
Como é feito o cadastro do colaborador no aplicativo?,"Após a finalização da contratação, é essencial realizar a atualização da base de dados assim que nosso time enviar o acesso ao Portal RH. Isso porque os colaboradores só poderão acessar o benefício se estiverem 'autorizados' através da atualização da base feitas pelo RH.

Depois disso, seus colaboradores podem seguir com o próximo passo! Vamos te mostrar abaixo:

Baixe o app da TotalPass;
Clique em 'Cadastre-se';
Preencha o número do CPF;
Insira o e-mail corporativo ou pessoal;
Selecione a empresa onde trabalha;
Adicione o número de celular para receber o código de verificação;
Complete os dados pessoais solicitados;
Crie uma senha;
Informe o endereço;
Pronto! Você já está na TotalPass.

Ah, temos duas opções para o próximo passo:

Se a empresa optou por aprovar os colaboradores, o gestor do benefício precisará apenas aprovar as solicitações no Portal RH, e o benefício será liberado em seguida.
Se a validação não for necessária, o plano estará ativo assim que o cadastro for finalizado, pronto para uso imediato.

"
Um colaborador desligado pode ser incluído no fechamento mensal?,"Para definir se um colaborador desligado será incluído no fechamento mensal, é necessário verificar a data de término do ciclo vigente dele. Se o ciclo se encerrar no dia 10 ou depois, o colaborador será lançado no fechamento deste mês. Caso o ciclo termine até o dia 09, não haverá cobrança.

Por exemplo, se o ciclo do colaborador vai de 15/08 a 14/09 e ele foi desligado em 12/09, ele será incluído no fechamento de setembro (10/09), pois o ciclo ultrapassa o dia 10."
Como faço para cadastrar colaboradores na TotalPass e garantir que eles apareçam como beneficiários?,"Para cadastrar os colaboradores para uso do benefício TotalPass é feito em duas etapas:

O primeiro passo é fazer o envio da base de colaboradores dentro do Portal RH seguindo o passo a passo abaixo: 

Ao acessar o Portal RH com o e-mail cadastrado e a senha, você deve ir no menu localizado à esquerda, na opção “Atualizar Base”. Ao clicar, selecione um modelo de base para baixar (Precisa ser no formato: .csv ou .xlsx). Ao baixar o modelo desejado, abra este arquivo e em uma coluna deverá colocar o CPF dos colaboradores que poderão utilizar o benefício e na outra, o CNPJ da empresa.
Importante: faça apenas a inclusão dos dados, não formate ou altere o padrão do arquivo. 

Salve estas informações e faça o upload da base e depois clique em “Iniciar análise”.
Por fim (Confirme a atualização) você deverá clicar em “revisar relatório” para conferência e aprovação do envio da base.
Neste momento, os colaboradores que estão dentro da planilha enviada estão aptos a aderir TotalPass, porém, o segundo passo é que eles baixem o app e sigam o passo a passo do cadastro em “criar conta”, assim, eles poderão usar o benefício da TotalPass.

Lembre-se, ao cadastrar a base em nosso Portal RH não fará com que eles apareçam na aba de beneficiários. Eles aparecerão somente após eles se cadastrarem no app e se vincularem à empresa. Exemplo: Você importou uma base com 20 colaboradores e somente 3 apareceram. Isso significa que somente os 3 realizaram o cadastro no app."
Como o RH aprova o cadastro de colaboradores no Portal RH para que eles possam aderir aos planos da TotalPass?,"Para realizar o cadastro dos colaboradores, basta fazer a aprovação deles manualmente no Portal RH, na aba de ""Solicitações"". Lembre-se de aprovar somente aqueles que fazem parte do quadro atual de colaboradores.

Explique que, para essa solicitação chegar ao RH o colaborador terá que fazer o cadastro diretamente no aplicativo e selecionar sua empresa por lá. Ao completar o cadastro, a aprovação do cadastro do colaborador ficará pendente dentro do Portal RH, devendo ser liberada pelo RH quando reconhecer o colaborador. Assim, ele poderá fazer a adesão dos planos da TotalPass. Caso tenha uma solicitação não reconhecida, basta recusar.
"
Como posso realizar o desligamento manual de um colaborador no sistema?," É possível realizar o desligamento via Portal RH. Siga os passos: acesse o menu lateral esquerdo “Beneficiários”, procure pelo colaborador que deseja desligar, clique no botão de ação “…” e selecione ""desligar"". Este passo é válido somente para colaboradores que possuem cadastro no aplicativo. "
Como posso realizar o desligamento de colaboradores via atualização de base no sistema?,"Para realizar o desligamento via base, exclua o colaborador do arquivo (.csv ou .xlsx) e atualize a base no Portal RH seguindo estes passos:

    - Acesse o menu lateral esquerdo, selecione ""Atualizar base"".
    - No passo ""2. Faça upload da base"", clique em ""Selecionar arquivo"" e faça o upload do novo arquivo.

Lembrando que a base deve conter todos os colaboradores ativos e elegíveis da empresa. Aqueles que já estavam listados anteriormente e não constarem na nova base serão automaticamente desligados."
Como acessar o boleto de coparticipação?,"Para acessar o boleto de COPAY basta ir no Menu esquerdo, selecionar ""Faturas"" e em seguida, ""coparticipação""."
"Quando e como é gerado o FEE mensal da TotalPass, e qual o prazo para contestação do valor?","O FEE é gerado todo dia 10 referente ao mês anterior e possui um prazo de contestação de 3 dias úteis, caso a empresa não reconheça o valor cobrado e/ou esteja fora do valor acordado. Assim, a empresa que manifestar algum problema dentro dos 3 dias úteis, nós levaremos a demanda ao financeiro. O vencimento do boleto é para o dia 10 do mês subsequente, por exemplo:

Fechamento referente ao mês de Maio é gerado dia 10/05, até dia 13/05 ela poderá fazer alguma contestação para ajuste. O valor estando correto ou o ajuste sendo feito, o boleto terá vencimento no dia 10/06. 
O boleto e a NF devem ser retirados dentro do Portal RH. Acesse o boleto em Faturas > FEE"
Como faço para subir a base de colaboradores no Portal RH?,"Para realizar a subida de base dentro do Portal RH é necessário fazer o login no Portal RH. Depois, no menu localizado à esquerda, vá na opção “Atualizar Base”. Ao clicar, selecione um modelo de base para baixar (.csv ou .xlsx). Ao baixar o modelo desejado, abra este arquivo e em uma coluna deverá colocar o CPF dos colaboradores que poderão utilizar o benefício e na outra, o CNPJ da empresa (não realize nenhuma alteração/formatação neste arquivo). Salve estas informações e faça o upload da base no passo 2. Faça o upload da base e depois clique em “Iniciar análise” ainda no passo 2.
Por fim clique no passo 3 (Confirme a atualização) você deverá clicar em “revisar relatório” para conferência e aprovação do envio da base.
Pronto, os colaboradores já poderão utilizar o benefício. Mas lembre-se, ao cadastrar a base em nosso Portal RH não fará com que eles apareçam na aba de beneficiários. Eles aparecerão somente após eles se cadastrarem no app e se vincularem à empresa.
Lembre-se de manter a base atualizada em caso de demissões/contratações basta subir a base adicionando ou retirando algum colaborador. Sempre que realizar uma atualização da base com novos CPFs, deverá subir ela completa, ou seja, informando todos os CPFs, tanto os novos, quanto os que já utilizam.
"
O colaborador informou que já possuía o plano anteriormente e não está conseguindo acessar. Como proceder?,"Colaboradores que já tiveram cadastro conosco anteriormente através de outra empresa ou como dependentes, podem solicitar a troca de vínculo pelo app. Caso essa opção não esteja disponível ou tenha dado erro, os próprios devem abrir chamado com nosso time de SAC (sac@totalpass.com.br / App: Minhas Conta > Fale Conosco), solicitando a migração de empresa. 
Ao solicitar migração de empresa, nosso SAC pede alguns documentos para evitar que usuários que não façam parte do quadro de colaboradores da empresa sejam migrados incorretamente.
Entre os documentos, estão:
Comprovante de vínculo empregatício atualizado;
Foto legível do RG (frente e verso);
Foto selfie segurando o RG (frente e verso);
Número de matrícula.
Em relação ao número de matrícula, é uma informação do colaborador dentro da empresa e não em nosso sistema. Nem todas as empresas utilizam matrícula. Portanto, caso vocês não usem, pode orientar seus colaboradores a informarem ao SAC que a a empresa não utiliza número de matrícula e seguirem com as demais informações solicitadas.
"
Como adicionar um colaborador manualmente?,"Na aba “atualizar base”, no canto direito dela há um botão escrito “adicionar novo colaborador individualmente”, basta clicar nele, inserir os dados e confirmar."
Como remover um colaborador manualmente?,"Na aba “Beneficiários”, pesquise o nome do colaborador e selecione o botão “desligar”. O usuário irá cumprir o ciclo vigente e, ao final, ficará inativo. Observação: Este passo a passo só é possível para usuários que possuem cadastro no app. Caso queira desligar um colaborador que não realizou o cadastro no app, será necessário atualizar a base, importando um arquivo com todos os CPFs, exceto dos colaboradores que foram desligados. Assim, o sistema irá comparar a base atual com a anterior e irá desligar os CPFs que não foram incluídos.
"
Qual a idade mínima para incluir um dependente?,A idade mínima para ser cadastrado como dependente é de 16 anos
Qual a idade minima para realizar o cadastro?,"Para realizar o cadastro, é necessário ter mais de 16 anos."
Também devo realizar o cadastro dos dependentes?,"O cadastro dos dependentes não é feito no Portal RH. Os próprios colaboradores realizam o cadastro dos dependentes via aplicativo, e é super simples! É só o títular seguir esse passo a passo no app:

Abra o app e vá na aba Minha Conta,
Depois, toque em Meus Dependentes,
Por fim, é só clicar em Convidar Dependentes e preencher o CPF e o e-mail do seu dependente.
Assim que você fizer isso, ele vai receber uma mensagem dizendo 'Convite realizado com sucesso!' no app dele. Avisa o dependente que, a partir do convite, ele já pode acessar o app, se cadastrar e escolher o plano dele!

Ah, importante: Os dependentes não preciam ter ligação familiar. Portanto, podem ser amigos(as), namorado(a), primos...A única regra é que sejam maiores de 16 anos. 

"
Como o colaborador pode incluir dependentes?,"O cadastro de um dependente é super simples! É só o títular seguir esse passo a passo:

Abra o app e vá na aba Minha Conta,
Depois, toque em Meus Dependentes,
Por fim, é só clicar em Convidar Dependentes e preencher o CPF e o e-mail do seu dependente.
Assim que você fizer isso, ele vai receber uma mensagem dizendo 'Convite realizado com sucesso!' no app dele. Avisa o dependente que, a partir do convite, ele já pode acessar o app, se cadastrar e escolher o plano dele!

Ah, importante: Os dependentes não preciam ter ligação familiar. Portanto, podem ser amigos(as), namorado(a), primos...A única regra é que sejam maiores de 16 anos. 

"
"Preciso atualizar a quantidade de vidas contratadas, como faço? ","Atualizar o número de vidas no seu contrato nunca foi tão fácil! Vamos te explicar o passo a passo. O fluxo apresentado abaixo é aplicável para empresas que possuem o benefício contratado de forma direta. Para aqueles que tem o subsidio de uma empresa parceira, essa alteração deverá ser feita diretamente com nosso canal parceiro.

No Portal RH você pode fazer o upgrade ou downgrade do número de colaboradores cadastrados com apenas alguns cliques. 

Acesse a plataforma;
inicie fazendo o login na sua conta no Portal RH;
Em seguida, vá para a página inicial;
Localize a seção “Seu Contrato TotalPass”;
Depois, selecione a opção “Fazer Upgrade” para iniciar o processo.

Após clicar em “Fazer Upgrade”, uma caixa será exibida, permitindo que você selecione a quantidade de vidas que deseja adicionar ao seu contrato. Depois de selecionar a quantidade de vidas, verifique se todas as informações estão corretas e clique em “Confirmação” para efetuar a mudança.

Com a confirmação feita, seu contrato será atualizado automaticamente com as novas configurações, e um aviso ou confirmação na tela indicará que o upgrade foi realizado com sucesso.

Um detalhe importante: para realizar o downgrade, é só seguir os mesmos passos, selecionando a quantidade de vidas que você deseja reduzir.


"
"Por favor, gostaria que me enviassem o contrato","Caso você possua o benefício através de canal parceiro (Flash, VR, Swile...), o contrato é firmado diretamente com eles. Portanto, orientamos que entre em contato com seu ponto focal no parceiro para maiores informações. 

Agora, se você contratou direto conosco, o modelo de negociação é formalizado através do aceite no termo de adesão disponibilizado no site. 
O que é fundamental é que ambas as partes estejam de acordo com os termos e valores. Neste link, você tem acesso ao termo de aceite e adesão ao contrato de intermediação de serviços de saúde física e bem estar: https://cloud.info.totalpass.com.br/contrato-tpweb"
Quantas vezes por dia o colaborador pode ir na academia?,"Com a TotalPass, cada colaborador pode aproveitar a academia uma vez por dia. Isso significa que é possível realizar um check-in diário para usar a academia."
Como funciona a renovação do contrato?,"Caso você possua o benefício através de canal parceiro (Flash, VR, Swile...), o contrato é firmado diretamente com eles. Portanto, orientamos que entre em contato com seu ponto focal no parceiro para maiores informações. 

Agora, se você contratou direto conosco, o seu contrato é renovado automaticamente a cada 12 meses, como estabelecido. Isso pode incluir ajustes na taxa, de acordo com o índice de reajuste (IPCA-IGPM). "
Existe algum regime de contrato específico que meu colaborador precisa ter para utilizar o benefício?,"Sem restrições! Aceitamos todos os regimes de contrato, CLT, PJ, estagiário e outros. Todos são bem-vindos!
Importante: Caso possuam colaboradores Jovem Aprendiz, o benefício está disponível somente para usuários acima de 16 anos"
Como funciona o desligamento de colaborador com o plano ativo?,"Os colaboradores com um ciclo ativo continuarão a usar o benefício até o final do ciclo. Aqueles sem ciclo ativo não poderão mais ativar o benefício após o desligamento.

Aqui temos alguns exemplos práticos:

Se um colaborador está no ciclo ativo de 01/07/2024 a 30/07/2024 e é desligado em 15/07/2024, ele poderá usar o plano até 30/07/2024, mas não conseguirá estender ou reativar o benefício após essa data.

Se o colaborador não tem ciclo ativo e é desligado em 15/07/2024, ele não poderá aderir a nenhum plano a partir dessa data. O colaborador pode aparecer tanto no fechamento atual quanto no próximo, caso o ciclo se encerre no mês seguinte ao desligamento.

Se precisar de mais alguma coisa, estamos aqui para ajudar!"
"Quando um colaborador é desligado, os seus dependentes também são?","Quando um colaborador é desligado, seus dependentes também serão. No entanto, se os dependentes tiverem um ciclo ativo, eles continuarão a usar o benefício até o final desse ciclo."
Como funciona o distrato com a TotalPass?,"Quando a empresa decide encerrar a parceria com a TotalPass, basta nos avisar! Vamos solicitar o termo de distrato ao nosso jurídico e enviá-lo para validação e assinatura, sempre respeitando o aviso prévio do contrato. Enquanto isso, informamos todos os usuários ativos (titulares e dependentes) sobre o término da parceria e até quando poderão usar o plano, lembrando que cada um terá sua data de encerramento conforme o ciclo do seu plano.

Um detalhe importante: para quem possui TotalPass através de canal parceiro (Swile, Flash, VR...) é necessário que solicite o distrato para o canal e eles formalizarão conosco. "
No meu Portal RH não aparece a opção de validação por base,"Se o seu RH ainda está aprovando cadastros manualmente no Portal e você prefere uma validação automática por meio da base de colaboradores, boa notícia, temos a solução! Solicite a mudança para o nosso time por aqui e torne a validação mais prática e eficiente."
Qual a data da cobrança da coparticipação no pagamento via cartão de crédito?,"Olha só como funciona para o beneficiário:

Se o pagamento for via cartão de crédito, não há uma data fixa para a cobrança. Assim que o beneficiário ativa o plano pela primeira vez e faz o primeiro check-in, a cobrança é realizada, e esse dia se torna o 1º dia do ciclo dele. Agora, se o beneficiário contratar o plano e não fizer nenhum check-in até o 8º dia após a adesão, a cobrança será feita automaticamente nesse 8º dia, que então se torna o 1º dia do ciclo.

Para os beneficiários que já tiveram um plano com a gente, a cobrança ocorre logo após o cartão de crédito ser cadastrado, e a renovação acontece a cada 30 dias."
Qual a data da cobrança da coparticipação no pagamento via desconto em folha?,"Caso o pagamento for por desconto em folha, o fechamento é realizado no dia 10 de cada mês. O valor é disponibilizado no Portal RH, onde o RH tem 3 dias para fazer qualquer contestação. Após esse período, o boleto será emitido e ficará disponível para pagamento no dia 10 do mês seguinte.
"
Qual a forma de pagamento dos dependentes?,"Os dependentes podem ficar tranquilos! O pagamento é realizado via cartão de crédito, solicitado no momento da adesão ao plano. Simples e prático!
"
Qual a forma de pagamento dos colaboradores?,"O pagamento dos colaboradores é, por padrão, realizado via cartão de crédito, solicitado durante a adesão.
Se preferir o desconto em folha, entre em contato com o nosso time de Customer Service para verificar a disponibilidade dessa opção. Esse contato pode ser via chat no site (por aqui) ou através da nossa Central de Ajuda."
Quantos dependentes o colaborador pode cadastrar?,"Com a TotalPass, cada colaborador pode cadastrar até 3 dependentes. A empresa tem a liberdade de definir se esses dependentes serão apenas familiares legais (como pai, mãe, cônjuge), ou se também poderão incluir amigos e outros parentes.

"
E se meu colaborador já utilizar SmartFit?,"Seu colaborador pode realizar a migração de plano de forma simples! Após fazer o cadastro e escolher o plano que atenda à rede SmartFit na TotalPass, basta informar na unidade onde está matriculado que deseja migrar para a TotalPass. A SmartFit cuidará da migração sem cobrar nenhuma multa por cancelamento.

Atenção: Caso haja pendência financeiroa com a unidade, será necessário a regularização. "
Como realizar uma atualização cadastral do colaborador?,"Atualmente, devido à LGPD, os dados do colaborador só podem ser alterados por ele mesmo. As alterações podem ser feitas diretamente pelo app ou entrando em contato com o SAC em Minha conta > Fale conosco ou pelo e-mail sac@totalpass.com.br."
"Como os colaboradores acessam os aplicativos parceiros? (Smart Fit Coach, Psicologia Viva, Total Nutri, Queima Diária)","O acesso aos serviços online é feito diretamente através do app da TotalPass. Os colaboradores devem acessar a aba ""Parceiros"" para terem acesso ao Total Mind, Total Fit e Total Nutri, onde poderão utilizar o Psicologia Viva, Smart Coach entre outros! "
Como dar o aceite para o colaborador usar o TotalPass?,"Caso a sua empresa tenha o cadastro manual, ou seja, vocês precisam aprovar o cadatro dos colaboradores no Portal RH, primeiro, o colaborador se cadastra no app e a solicitação para aprovação irá refletir na aba ""Solicitações"". Agora, se vocês possuem a opção no menu ""Atualizar Base"", o RH deve importar a base informando CNPJ e CPF dos colaboradores. A base tem como objetivo principal aprovar o cadastro dos colaboradores de forma automática. Feito isso, eles estarão aptos para seguirem com cadastro pelo aplicartivo. "
Qual o procedimento para liberar o acesso do colaborador ao TotalPass?,"Caso a sua empresa tenha o cadastro manual, ou seja, vocês precisam aprovar o cadatro dos colaboradores no Portal RH, primeiro, o colaborador se cadastra no app e a solicitação para aprovação irá refletir na aba ""Solicitações"". Agora, se vocês possuem a opção no menu ""Atualizar Base"", o RH deve importar a base informando CNPJ e CPF dos colaboradores. A base tem como objetivo principal aprovar o cadastro dos colaboradores de forma automática. Feito isso, eles estarão aptos para seguirem com cadastro pelo aplicartivo. "
Como faço para autorizar o uso do TotalPass para um colaborador?,"Caso a sua empresa tenha o cadastro manual, ou seja, vocês precisam aprovar o cadatro dos colaboradores no Portal RH, primeiro, o colaborador se cadastra no app e a solicitação para aprovação irá refletir na aba ""Solicitações"". Agora, se vocês possuem a opção no menu ""Atualizar Base"", o RH deve importar a base informando CNPJ e CPF dos colaboradores. A base tem como objetivo principal aprovar o cadastro dos colaboradores de forma automática. Feito isso, eles estarão aptos para seguirem com cadastro pelo aplicartivo. "
"Fiz a inclusão de alguns colaboradores novos, mas não consta na lista","Após importar a base, os colaboradores só aparecerão na aba ""Beneficiários"" após concluírem o cadastro no aplicativo. Exemplo: Você subiu uma base com 50 CPFs, mas somente 5 refletem no Portal. Isso significa que, até o momento, somente 5 colaboradores se cadastraram no app. "
"Cadastrei novos colaboradores, mas eles não aparecem na lista. O que pode ser?","Após importar a base, os colaboradores só aparecerão na aba ""Beneficiários"" após concluírem o cadastro no aplicativo. Exemplo: Você subiu uma base com 50 CPFs, mas somente 5 refletem no Portal. Isso significa que, até o momento, somente 5 colaboradores se cadastraram no app. "
"Incluí colaboradores recentemente, mas ainda não foram listados. Isso é normal?","Após importar a base, os colaboradores só aparecerão na aba ""Beneficiários"" após concluírem o cadastro no aplicativo. Exemplo: Você subiu uma base com 50 CPFs, mas somente 5 refletem no Portal. Isso significa que, até o momento, somente 5 colaboradores se cadastraram no app. "
Adicionei novos colaboradores na base. Quanto tempo para eles aparecerem na lista?,"Após importar a base, os colaboradores só aparecerão na aba ""Beneficiários"" após concluírem o cadastro no aplicativo. Exemplo: Você subiu uma base com 50 CPFs, mas somente 5 refletem no Portal. Isso significa que, até o momento, somente 5 colaboradores se cadastraram no app. "
"Após a inclusão de colaboradores na base, em quanto tempo eles ficam visíveis?","Após importar a base, os colaboradores só aparecerão na aba ""Beneficiários"" após concluírem o cadastro no aplicativo. Exemplo: Você subiu uma base com 50 CPFs, mas somente 5 refletem no Portal. Isso significa que, até o momento, somente 5 colaboradores se cadastraram no app. "
Qual é o prazo para que os novos cadastros apareçam na listagem de colaboradores?,"Após importar a base, os colaboradores só aparecerão na aba ""Beneficiários"" após concluírem o cadastro no aplicativo. Exemplo: Você subiu uma base com 50 CPFs, mas somente 5 refletem no Portal. Isso significa que, até o momento, somente 5 colaboradores se cadastraram no app. "
Existe uma forma de acompanhar se o colaborador foi cadastrado corretamente?,"Após importar a base, os colaboradores só aparecerão na aba ""Beneficiários"" após concluírem o cadastro no aplicativo. Exemplo: Você subiu uma base com 50 CPFs, mas somente 5 refletem no Portal. Isso significa que, até o momento, somente 5 colaboradores se cadastraram no app. "
Fiz a importação da planilha e só aparece dois colaboradores. O restante não tem informação. Sabe me dizer o porquê?,"Após importar a base, os colaboradores só aparecerão na aba ""Beneficiários"" após concluírem o cadastro no aplicativo. Exemplo: Você subiu uma base com 50 CPFs, mas somente 5 refletem no Portal. Isso significa que, até o momento, somente 5 colaboradores se cadastraram no app. "
"ImporteI a planilha, mas a maioria dos colaboradores não aparece. O que pode ter dado errado?","Após importar a base, os colaboradores só aparecerão na aba ""Beneficiários"" após concluírem o cadastro no aplicativo. Exemplo: Você subiu uma base com 50 CPFs, mas somente 5 refletem no Portal. Isso significa que, até o momento, somente 5 colaboradores se cadastraram no app. "
Apenas dois cadastros apareceram após a importação. Por que os outros não foram carregados?,"Após importar a base, os colaboradores só aparecerão na aba ""Beneficiários"" após concluírem o cadastro no aplicativo. Exemplo: Você subiu uma base com 50 CPFs, mas somente 5 refletem no Portal. Isso significa que, até o momento, somente 5 colaboradores se cadastraram no app. "
"Importei, mas não aparecem os funcionários","Após importar a base, os colaboradores só aparecerão na aba ""Beneficiários"" após concluírem o cadastro no aplicativo. Exemplo: Você subiu uma base com 50 CPFs, mas somente 5 refletem no Portal. Isso significa que, até o momento, somente 5 colaboradores se cadastraram no app. "
"Após importar os dados, nenhum colaborador foi exibido. Isso é esperado?","Após importar a base, os colaboradores só aparecerão na aba ""Beneficiários"" após concluírem o cadastro no aplicativo. Exemplo: Você subiu uma base com 50 CPFs, mas somente 5 refletem no Portal. Isso significa que, até o momento, somente 5 colaboradores se cadastraram no app. "
"Fiz a importação da planilha, mas nenhum nome apareceu. Pode verificar?","Após importar a base, os colaboradores só aparecerão na aba ""Beneficiários"" após concluírem o cadastro no aplicativo. Exemplo: Você subiu uma base com 50 CPFs, mas somente 5 refletem no Portal. Isso significa que, até o momento, somente 5 colaboradores se cadastraram no app. "
Fiz o cadastro de um colaborador manualmente e não aparece como cadastrado,"Após importar a base, os colaboradores só aparecerão na aba ""Beneficiários"" após concluírem o cadastro no aplicativo. Exemplo: Você subiu uma base com 50 CPFs, mas somente 5 refletem no Portal. Isso significa que, até o momento, somente 5 colaboradores se cadastraram no app. "
"Cadastrei um colaborador manualmente, mas ele não consta na plataforma. O que pode ser?","Após importar a base, os colaboradores só aparecerão na aba ""Beneficiários"" após concluírem o cadastro no aplicativo. Exemplo: Você subiu uma base com 50 CPFs, mas somente 5 refletem no Portal. Isso significa que, até o momento, somente 5 colaboradores se cadastraram no app. "
"Incluí manualmente um funcionário, mas ele não aparece como registrado. Como resolver?","Após importar a base, os colaboradores só aparecerão na aba ""Beneficiários"" após concluírem o cadastro no aplicativo. Exemplo: Você subiu uma base com 50 CPFs, mas somente 5 refletem no Portal. Isso significa que, até o momento, somente 5 colaboradores se cadastraram no app. "
"Atualizei a base, mas ainda não aparecem os titulares","Após importar a base, os colaboradores só aparecerão na aba ""Beneficiários"" após concluírem o cadastro no aplicativo. Exemplo: Você subiu uma base com 50 CPFs, mas somente 5 refletem no Portal. Isso significa que, até o momento, somente 5 colaboradores se cadastraram no app. "
"Fiz a atualização da base, mas os titulares não estão visíveis. Há um tempo de espera?","Após importar a base, os colaboradores só aparecerão na aba ""Beneficiários"" após concluírem o cadastro no aplicativo. Exemplo: Você subiu uma base com 50 CPFs, mas somente 5 refletem no Portal. Isso significa que, até o momento, somente 5 colaboradores se cadastraram no app. "
"Após atualizar, os titulares ainda não foram listados. Isso é comum?","Após importar a base, os colaboradores só aparecerão na aba ""Beneficiários"" após concluírem o cadastro no aplicativo. Exemplo: Você subiu uma base com 50 CPFs, mas somente 5 refletem no Portal. Isso significa que, até o momento, somente 5 colaboradores se cadastraram no app. "
Não consigo localizar alguns colaboradores importados,"Após importar a base, os colaboradores só aparecerão na aba ""Beneficiários"" após concluírem o cadastro no aplicativo. Exemplo: Você subiu uma base com 50 CPFs, mas somente 5 refletem no Portal. Isso significa que, até o momento, somente 5 colaboradores se cadastraram no app. "
Alguns colaboradores não aparecem após a importação. O que pode ter ocorrido?,"Após importar a base, os colaboradores só aparecerão na aba ""Beneficiários"" após concluírem o cadastro no aplicativo. Exemplo: Você subiu uma base com 50 CPFs, mas somente 5 refletem no Portal. Isso significa que, até o momento, somente 5 colaboradores se cadastraram no app. "
"Importei os dados, mas não encontrei todos os colaboradores. Há algum erro comum?","Após importar a base, os colaboradores só aparecerão na aba ""Beneficiários"" após concluírem o cadastro no aplicativo. Exemplo: Você subiu uma base com 50 CPFs, mas somente 5 refletem no Portal. Isso significa que, até o momento, somente 5 colaboradores se cadastraram no app. "
"Ao atualizar a base de colaboradores, influencia nos funcionários que estão ativos?","A atualização da base não influencia os cadastros já ativos. Ao atualizar a base, você sempre deve importá-la completa. Ou seja, informar tanto os novos CPFs, quanto os que já haviam sido cadastrados. Em caso de desligamento de colaboradores, basta importar uma nova base sem informar os CPFs dos que serão desligados. Assim, o sistema irá comparar a base atual com a anterior e realizar o desligamento automático dos CPFs que não foram incluídos. "
A atualização da base interfere nos colaboradores que já estão ativos?,"A atualização da base não influencia os cadastros já ativos. Ao atualizar a base, você sempre deve importá-la completa. Ou seja, informar tanto os novos CPFs, quanto os que já haviam sido cadastrados. Em caso de desligamento de colaboradores, basta importar uma nova base sem informar os CPFs dos que serão desligados. Assim, o sistema irá comparar a base atual com a anterior e realizar o desligamento automático dos CPFs que não foram incluídos. "
"Se eu atualizar a base, os cadastros ativos serão afetados?","A atualização da base não influencia os cadastros já ativos. Ao atualizar a base, você sempre deve importá-la completa. Ou seja, informar tanto os novos CPFs, quanto os que já haviam sido cadastrados. Em caso de desligamento de colaboradores, basta importar uma nova base sem informar os CPFs dos que serão desligados. Assim, o sistema irá comparar a base atual com a anterior e realizar o desligamento automático dos CPFs que não foram incluídos. "
Como faço para consultar todos os colaboradores ativos?,"Para consultar os colaboradores ativos, elegíveis e inativos, confira no menu a aba ""Beneficiários"". Lembrando que os colaboradores só aparecerão neste campo após concluírem o cadastro no aplicativo. Portanto, se você os cadastrou e eles não refletem no Portal RH, é porque ainda não se cadastraram. "
Onde posso visualizar a lista completa de colaboradores ativos?,"Para consultar os colaboradores ativos, elegíveis e inativos, confira no menu a aba ""Beneficiários"". Lembrando que os colaboradores só aparecerão neste campo após concluírem o cadastro no aplicativo. Portanto, se você os cadastrou e eles não refletem no Portal RH, é porque ainda não se cadastraram. "
Qual é o caminho para acessar os cadastros que estão ativos atualmente?,"Para consultar os colaboradores ativos, elegíveis e inativos, confira no menu a aba ""Beneficiários"". Lembrando que os colaboradores só aparecerão neste campo após concluírem o cadastro no aplicativo. Portanto, se você os cadastrou e eles não refletem no Portal RH, é porque ainda não se cadastraram. "
Como posso verificar o status de cadastro de um colaborador?,"Para consultar os colaboradores ativos, elegíveis e inativos, confira no menu a aba ""Beneficiários"". Lembrando que os colaboradores só aparecerão neste campo após concluírem o cadastro no aplicativo. Portanto, se você os cadastrou e eles não refletem no Portal RH, é porque ainda não se cadastraram. "
Gostaria de saber como incluir colaboradores PJ,O cadastro de colaboradores PJ também exige a inclusão do CPF na planilha de importação
Existe alguma forma de cadastrar colaboradores PJ na plataforma?,O cadastro de colaboradores PJ também exige a inclusão do CPF na planilha de importação
Como proceder para adicionar profissionais PJ no sistema?,O cadastro de colaboradores PJ também exige a inclusão do CPF na planilha de importação
Relação de colaboradores cadastrados,"Para consultar os colaboradores ativos, elegíveis e inativos, confira no menu a aba ""Beneficiários"". Lembrando que os colaboradores só aparecerão neste campo após concluírem o cadastro no aplicativo. Portanto, se você os cadastrou e eles não refletem no Portal RH, é porque ainda não se cadastraram. "
Onde encontro a lista completa dos colaboradores já cadastrados?,"Para consultar os colaboradores ativos, elegíveis e inativos, confira no menu a aba ""Beneficiários"". Lembrando que os colaboradores só aparecerão neste campo após concluírem o cadastro no aplicativo. Portanto, se você os cadastrou e eles não refletem no Portal RH, é porque ainda não se cadastraram. "
Tem como consultar todos os funcionários que já estão registrados?,"Para consultar os colaboradores ativos, elegíveis e inativos, confira no menu a aba ""Beneficiários"". Lembrando que os colaboradores só aparecerão neste campo após concluírem o cadastro no aplicativo. Portanto, se você os cadastrou e eles não refletem no Portal RH, é porque ainda não se cadastraram. "
Como verificar a relação de quem são esses colaboradores cadastrados na plataforma?,"Para consultar os nomes dos colaboradores ativos, elegíveis e inativos, confira no menu a aba ""Beneficiários"". Lembrando que os colaboradores só aparecerão neste campo após concluírem o cadastro no aplicativo. Portanto, se você os cadastrou e eles não refletem no Portal RH, é porque ainda não se cadastraram. "
Como consultar os nomes dos colaboradores cadastrados?,"Para consultar os nomes dos colaboradores ativos, elegíveis e inativos, confira no menu a aba ""Beneficiários"". Lembrando que os colaboradores só aparecerão neste campo após concluírem o cadastro no aplicativo. Portanto, se você os cadastrou e eles não refletem no Portal RH, é porque ainda não se cadastraram. "
Tem como identificar quem são os funcionários já registrados na plataforma?,"Para consultar os nomes dos colaboradores ativos, elegíveis e inativos, confira no menu a aba ""Beneficiários"". Lembrando que os colaboradores só aparecerão neste campo após concluírem o cadastro no aplicativo. Portanto, se você os cadastrou e eles não refletem no Portal RH, é porque ainda não se cadastraram. "
"Preciso atualizar a base de colaboradores do TotalPass, mas dá erro indicando que o número está acima do permitido. O que fazer?","Se ao importar uma nova base apareceu a mensagem que você excedeu a quantidade de vidas contratadas, é necessário revisar o arquivo e conferir se você não informou mais CPFs do que a quantidade total de vidas contratada pela empresa. 
Na página inicial do Portal RH, você tem a informação da quantidade de vidas contratadas ( Ex: 0 / 10 - Significa que o contratado foram para 10 vidas).
Caso seja necessário aumentar os colaboradores contemplados pelo benefício, você deve entrar em contato com o canal parceiro, se o seu contrato é através de um canal intermediário. Ou realizar o upgrade de vidas na opção ""Fazer upgrade"", que fica disponível na página inicial.  "
"Ao tentar atualizar a base, aparece um erro de limite de colaboradores. Como corrigir?","Se ao importar uma nova base apareceu a mensagem que você excedeu a quantidade de vidas contratadas, é necessário revisar o arquivo e conferir se você não informou mais CPFs do que a quantidade total de vidas contratada pela empresa. 
Na página inicial do Portal RH, você tem a informação da quantidade de vidas contratadas ( Ex: 0 / 10 - Significa que o contratado foram para 10 vidas).
Caso seja necessário aumentar os colaboradores contemplados pelo benefício, você deve entrar em contato com o canal parceiro, se o seu contrato é através de um canal intermediário. Ou realizar o upgrade de vidas na opção ""Fazer upgrade"", que fica disponível na página inicial.  "
Recebi uma mensagem de excesso de registros ao atualizar a base. Qual é a solução?,"Se ao importar uma nova base apareceu a mensagem que você excedeu a quantidade de vidas contratadas, é necessário revisar o arquivo e conferir se você não informou mais CPFs do que a quantidade total de vidas contratada pela empresa. 
Na página inicial do Portal RH, você tem a informação da quantidade de vidas contratadas ( Ex: 0 / 10 - Significa que o contratado foram para 10 vidas).
Caso seja necessário aumentar os colaboradores contemplados pelo benefício, você deve entrar em contato com o canal parceiro, se o seu contrato é através de um canal intermediário. Ou realizar o upgrade de vidas na opção ""Fazer upgrade"", que fica disponível na página inicial.  "
A minha empresa pode oferecer a TotalPass para dependentes? Quais são as regras?,"A contratação da TotalPass está disponível para empresas a partir de 5 colaboradores. No entanto, a opção de estender o benefício para a inclusão de dependentes só é liberada para empresas que contratam a partir de 21 vidas (colaboradores). Ou seja, se a empresa possui 21 ou mais colaboradores, ela poderá oferecer o benefício também aos familiares!"
Existe alguma carência após a contratação para que meus colaboradores comecem a usar as academias?,"Não, assim que o benefício da TotalPass for ativo em sua empresa, os seus colaboradores já poderão contratar o benefício e começar a utilizar! "